<application>
  <component name="CodeInsightSettings">
    <option name="SHOW_PARAMETER_NAME_HINTS_ON_COMPLETION" value="true" />
  </component>
  <component name="Go">
    <option name="renameDirectoryOnPackageRenaming" value="YES" />
  </component>
  <component name="GoFoldingSettings">
    <option name="isOneLineReturns" value="false" />
    <option name="isOneLinePanics" value="false" />
    <option name="isOneLineReturnFunctions" value="false" />
    <option name="isOneLineErrorHandlingBlocks" value="false" />
    <option name="isOneLineCaseClauses" value="false" />
    <option name="isEmptyFunctions" value="false" />
    <option name="isEmptyStructOrInterfaceTypeDefs" value="false" />
  </component>
</application>