<application>
  <component name="FileTypeManager" version="19">
    <extensionMap>
      <mapping pattern="Jenkinsfile" type="AUTO_DETECTED" />
      <mapping pattern="bowerrc" type="JSON" />
      <mapping pattern=".yarnrc" type="PLAIN_TEXT" />
      <mapping pattern=".vale.ini" type="PLAIN_TEXT" />
      <mapping pattern=".jshintignore" type="PLAIN_TEXT" />
      <mapping pattern=".stylelintignore" type="PLAIN_TEXT" />
      <mapping pattern=".nvmrc" type="PLAIN_TEXT" />
      <mapping pattern=".npmrc" type="PLAIN_TEXT" />
      <mapping pattern=".node-version" type="PLAIN_TEXT" />
      <mapping pattern=".eslintignore" type="PLAIN_TEXT" />
      <mapping pattern=".npmignore" type="PLAIN_TEXT" />
      <removed_mapping ext="jsb2" approved="true" type="JSON" />
      <removed_mapping ext="jsb3" approved="true" type="JSON" />
      <removed_mapping pattern=".babelrc" approved="true" type="JSON" />
      <removed_mapping pattern=".eslintrc" approved="true" type="JSON" />
      <removed_mapping pattern=".stylelintrc" approved="true" type="JSON" />
      <removed_mapping pattern=".ws-context" approved="true" type="JSON" />
      <removed_mapping pattern="jest.config" approved="true" type="JSON" />
    </extensionMap>
  </component>
</application>