<application>
  <component name="GoSdkList">
    <sdk-url>
      <set>
        <option value="" />
        <option value="file://$USER_HOME$/dev/go" />
        <option value="file://$USER_HOME$/go/pkg/mod/golang.org/toolchain@v0.0.1-go1.24.0.darwin-arm64" />
        <option value="file://$USER_HOME$/go/src/go" />
        <option value="file:///opt/homebrew/Cellar/go/1.23.3/libexec" />
        <option value="file:///opt/homebrew/opt/go/libexec" />
        <option value="file:///usr/local/Cellar/go/1.10.1/libexec" />
        <option value="file:///usr/local/Cellar/go/1.10.3/libexec" />
        <option value="file:///usr/local/Cellar/go/1.11.1/libexec" />
        <option value="file:///usr/local/Cellar/go/1.11.2/libexec" />
        <option value="file:///usr/local/Cellar/go/1.11/libexec" />
        <option value="file:///usr/local/Cellar/go/1.15.8/libexec" />
        <option value="file:///usr/local/Cellar/go/1.16.3/libexec" />
        <option value="file:///usr/local/Cellar/go/1.16.5/libexec" />
        <option value="file:///usr/local/Cellar/go/1.16.6/libexec" />
        <option value="file:///usr/local/Cellar/go/1.16/libexec" />
        <option value="file:///usr/local/Cellar/go/1.17.5/libexec" />
        <option value="file:///usr/local/Cellar/go/1.22.6/libexec" />
        <option value="file:///usr/local/Cellar/go/1.23.1/libexec" />
        <option value="file:///usr/local/Cellar/go/1.8.3/libexec" />
        <option value="file:///usr/local/Cellar/go/1.9.2/libexec" />
        <option value="file:///usr/local/opt/go/libexec" />
      </set>
    </sdk-url>
  </component>
</application>