<application>
  <component name="Trusted.Paths">
    <option name="TRUSTED_PROJECT_PATHS">
      <map>
        <entry key="$APPLICATION_CONFIG_DIR$/projects/GoLandWorkspace" value="true" />
        <entry key="$USER_HOME$/learning/gpu-operator" value="true" />
        <entry key="$USER_HOME$/learning/k8s-nim-operator" value="true" />
        <entry key="$USER_HOME$/learning/k8s-operator-libs" value="true" />
        <entry key="$USER_HOME$/learning/mlops/go-mcp" value="true" />
        <entry key="$USER_HOME$/learning/mlops/mcp-go" value="true" />
        <entry key="$USER_HOME$/learning/nvidia-container-toolkit" value="true" />
        <entry key="$USER_HOME$/learning/unified-control-plane" value="true" />
        <entry key="$USER_HOME$/workspace/bosh-agent" value="true" />
        <entry key="$USER_HOME$/workspace/bosh-aws-cpi-release" value="true" />
        <entry key="$USER_HOME$/workspace/bosh-cli" value="true" />
        <entry key="$USER_HOME$/workspace/bosh-dns-release" value="true" />
        <entry key="$USER_HOME$/workspace/bosh-docker-cpi-release" value="true" />
        <entry key="$USER_HOME$/workspace/bosh-ecosystem-concourse" value="true" />
        <entry key="$USER_HOME$/workspace/bosh-gcscli" value="true" />
        <entry key="$USER_HOME$/workspace/bosh-google-cpi-release" value="true" />
        <entry key="$USER_HOME$/workspace/bosh-package-golang-release" value="true" />
        <entry key="$USER_HOME$/workspace/bosh-psmodules" value="true" />
        <entry key="$USER_HOME$/workspace/bosh-s3cli" value="true" />
        <entry key="$USER_HOME$/workspace/bosh-stemcells-ci" value="true" />
        <entry key="$USER_HOME$/workspace/bosh-utils" value="true" />
        <entry key="$USER_HOME$/workspace/bosh-warden-cpi-release" value="true" />
        <entry key="$USER_HOME$/workspace/bosh-windows-ci" value="true" />
        <entry key="$USER_HOME$/workspace/bosh-windows-stemcell-builder/acceptance_test" value="true" />
        <entry key="$USER_HOME$/workspace/bosh-windows-stemcell-builder/stembuild" value="true" />
        <entry key="$USER_HOME$/workspace/bpm-release" value="true" />
        <entry key="$USER_HOME$/workspace/fim-release" value="true" />
        <entry key="$USER_HOME$/workspace/gcs-migratron" value="true" />
        <entry key="$USER_HOME$/workspace/greenhouse-ci" value="true" />
        <entry key="$USER_HOME$/workspace/om" value="true" />
        <entry key="$USER_HOME$/workspace/pipelines" value="true" />
        <entry key="$USER_HOME$/workspace/runc" value="true" />
        <entry key="$USER_HOME$/workspace/sec-eng-ci" value="true" />
        <entry key="$USER_HOME$/workspace/stembuild" value="true" />
        <entry key="$USER_HOME$/workspace/usn-resource" value="true" />
        <entry key="$USER_HOME$/workspace/windows-utilities-release" value="true" />
      </map>
    </option>
  </component>
  <component name="Trusted.Paths.Settings">
    <option name="TRUSTED_PATHS">
      <list>
        <option value="$USER_HOME$/workspace" />
        <option value="$USER_HOME$/learning/mlops" />
      </list>
    </option>
  </component>
</application>