<application>
  <component name="vgo">
    <environment>
      <map>
        <entry key="GOPRIVATE">
          <value>
            <list>
              <option value="&quot;github.com/vmware-tanzu-private&quot;" />
              <option value="github.com/vmware-tanzu-private" />
              <option value="gitlab.eng.vmware.com" />
              <option value="gitlab.eng.vmware.com/olympus" />
              <option value=" github.com/vmware-tanzu-private" />
            </list>
          </value>
        </entry>
      </map>
    </environment>
  </component>
</application>