<application>
  <component name="DimensionService">
    <location key="find.popup.0.0.3072.1920@192dpi" x="936" y="190" />
    <location key="find.popup.0.0.5120.2880@192dpi" x="1200" y="518" />
    <location key="find.popup.0.0.3440.1440" x="806" y="260" />
    <location key="find.popup.0.0.3456.2234@192dpi" x="810" y="426" />
    <location key="find.popup.0.0.3840.2160@192dpi" x="622" y="210" />
    <location key="find.popup.3456.0.5120.2880@192dpi" x="4286" y="272" />
    <size key="find.popup.0.0.3072.1920@192dpi" width="1298" height="1112" />
    <size key="GridCell.Tab.0.left.0.0.3072.1920@192dpi" width="4302" height="678" />
    <size key="GridCell.Tab.0.center.0.0.3072.1920@192dpi" width="4302" height="678" />
    <size key="GridCell.Tab.0.right.0.0.3072.1920@192dpi" width="4302" height="678" />
    <size key="GridCell.Tab.0.bottom.0.0.3072.1920@192dpi" width="4302" height="678" />
    <size key="find.popup.0.0.5120.2880@192dpi" width="1924" height="1482" />
    <size key="GridCell.Tab.0.left.0.0.5120.2880@192dpi" width="4016" height="798" />
    <size key="GridCell.Tab.0.center.0.0.5120.2880@192dpi" width="4016" height="798" />
    <size key="GridCell.Tab.0.right.0.0.5120.2880@192dpi" width="4016" height="798" />
    <size key="GridCell.Tab.0.bottom.0.0.5120.2880@192dpi" width="4016" height="798" />
    <size key="GridCell.Tab.1.left.0.0.3072.1920@192dpi" width="2908" height="652" />
    <size key="GridCell.Tab.1.center.0.0.3072.1920@192dpi" width="2908" height="652" />
    <size key="GridCell.Tab.1.right.0.0.3072.1920@192dpi" width="2908" height="652" />
    <size key="GridCell.Tab.1.bottom.0.0.3072.1920@192dpi" width="2908" height="652" />
    <size key="GridCell.Tab.1.left.0.0.5120.2880@192dpi" width="4016" height="798" />
    <size key="GridCell.Tab.1.center.0.0.5120.2880@192dpi" width="4016" height="798" />
    <size key="GridCell.Tab.1.right.0.0.5120.2880@192dpi" width="4016" height="798" />
    <size key="GridCell.Tab.1.bottom.0.0.5120.2880@192dpi" width="4016" height="798" />
    <size key="GridCell.Tab.0.left.0.0.1536.960" width="2518" height="773" />
    <size key="GridCell.Tab.0.center.0.0.1536.960" width="2518" height="773" />
    <size key="GridCell.Tab.0.right.0.0.1536.960" width="2518" height="773" />
    <size key="GridCell.Tab.0.bottom.0.0.1536.960" width="2518" height="773" />
    <size key="GridCell.Tab.0.left.1792.0.3440.1440" width="2118" height="395" />
    <size key="GridCell.Tab.0.center.1792.0.3440.1440" width="2118" height="395" />
    <size key="GridCell.Tab.0.right.1792.0.3440.1440" width="2118" height="395" />
    <size key="GridCell.Tab.0.bottom.1792.0.3440.1440" width="2118" height="395" />
    <size key="GridCell.Tab.0.left.0.0.3440.1440" width="2603" height="399" />
    <size key="GridCell.Tab.0.center.0.0.3440.1440" width="2603" height="399" />
    <size key="GridCell.Tab.0.right.0.0.3440.1440" width="2603" height="399" />
    <size key="GridCell.Tab.0.bottom.0.0.3440.1440" width="2603" height="399" />
    <size key="find.popup.0.0.3440.1440" width="1292" height="743" />
    <size key="GridCell.Tab.1.left.0.0.3440.1440" width="2603" height="399" />
    <size key="GridCell.Tab.1.center.0.0.3440.1440" width="2603" height="399" />
    <size key="GridCell.Tab.1.right.0.0.3440.1440" width="2603" height="399" />
    <size key="GridCell.Tab.1.bottom.0.0.3440.1440" width="2603" height="399" />
    <size key="find.popup.0.0.3456.2234@192dpi" width="1298" height="1108" />
    <size key="find.popup.0.0.3840.2160@192dpi" width="1298" height="1112" />
    <size key="GridCell.Tab.0.left.0.0.3456.2234@192dpi" width="5206" height="798" />
    <size key="GridCell.Tab.0.center.0.0.3456.2234@192dpi" width="5206" height="798" />
    <size key="GridCell.Tab.0.right.0.0.3456.2234@192dpi" width="5206" height="798" />
    <size key="GridCell.Tab.0.bottom.0.0.3456.2234@192dpi" width="5206" height="798" />
    <size key="GridCell.Tab.1.left.0.0.3456.2234@192dpi" width="4016" height="798" />
    <size key="GridCell.Tab.1.center.0.0.3456.2234@192dpi" width="4016" height="798" />
    <size key="GridCell.Tab.1.right.0.0.3456.2234@192dpi" width="4016" height="798" />
    <size key="GridCell.Tab.1.bottom.0.0.3456.2234@192dpi" width="4016" height="798" />
    <size key="find.popup.3456.0.5120.2880@192dpi" width="1924" height="1994" />
    <size key="GridCell.Tab.0.left.3456.0.5120.2880@192dpi" width="4924" height="680" />
    <size key="GridCell.Tab.0.center.3456.0.5120.2880@192dpi" width="4924" height="680" />
    <size key="GridCell.Tab.0.right.3456.0.5120.2880@192dpi" width="4924" height="680" />
    <size key="GridCell.Tab.0.bottom.3456.0.5120.2880@192dpi" width="4924" height="680" />
  </component>
  <component name="WindowManager">
    <frame x="0" y="25" width="2560" height="1336" extendedState="6" />
  </component>
  <component name="WindowStateApplicationService">
    <state width="976" height="303" key="ShowUsagesActions.dimensionServiceKey" timestamp="1754922932000">
      <screen x="0" y="38" width="1728" height="1000" />
    </state>
    <state width="877" height="111" key="ShowUsagesActions.dimensionServiceKey/0.25.2560.1336" timestamp="1753908967382" />
    <state width="919" height="399" key="ShowUsagesActions.dimensionServiceKey/0.25.2560.1340" timestamp="1750955096419" />
    <state width="671" height="111" key="ShowUsagesActions.dimensionServiceKey/0.25.3440.1336" timestamp="1753202024309" />
    <state width="672" height="135" key="ShowUsagesActions.dimensionServiceKey/0.25.3440.1340" timestamp="1752691904344" />
    <state width="976" height="303" key="ShowUsagesActions.dimensionServiceKey/0.38.1728.1000" timestamp="1754922932000" />
    <state width="1017" height="111" key="ShowUsagesActions.dimensionServiceKey/0.38.1728.1004" timestamp="1751042495001" />
    <state width="968" height="399" key="ShowUsagesActions.dimensionServiceKey/0.38.1728.1004/1728.25.2560.1415" timestamp="1750962188728" />
    <state width="829" height="159" key="ShowUsagesActions.dimensionServiceKey/0.38.1728.1079/1728.25.2560.1340" timestamp="1752093728928" />
    <state x="1280" y="614" width="1186" height="869" key="WELCOME_SCREEN" timestamp="1754426792342">
      <screen x="0" y="25" width="2560" height="1336" />
    </state>
    <state x="1280" y="614" width="1186" height="869" key="WELCOME_SCREEN/0.25.2560.1336" timestamp="1754426792342" />
    <state x="1279" y="617" width="1187" height="872" key="WELCOME_SCREEN/0.25.2560.1340" timestamp="1748366179135" />
    <state x="1719" y="615" width="1595" height="870" key="WELCOME_SCREEN/0.25.3440.1336" timestamp="1754411657582" />
    <state x="1719" y="616" width="1593" height="871" key="WELCOME_SCREEN/0.25.3440.1340" timestamp="1752781148182" />
    <state x="863" y="479" width="801" height="651" key="WELCOME_SCREEN/0.38.1728.1000" timestamp="1753365373382" />
    <state x="863" y="481" width="801" height="653" key="WELCOME_SCREEN/0.38.1728.1004" timestamp="1747702593737" />
  </component>
</application>