<code_scheme name="Default" version="173">
  <option name="SOFT_MARGINS" value="120" />
  <GoCodeStyleSettings>
    <option name="REMOVE_REDUNDANT_IMPORT_ALIASES" value="true" />
    <option name="ADD_LEADING_SPACE_TO_COMMENTS" value="true" />
    <option name="COMMENTS_WITHOUT_LEADING_SPACE">
      <value>
        <prefixes>
          <prefix value="+" />
        </prefixes>
      </value>
    </option>
    <option name="MOVE_ALL_IMPORTS_IN_ONE_DECLARATION" value="true" />
    <option name="MOVE_ALL_STDLIB_IMPORTS_IN_ONE_GROUP" value="true" />
    <option name="GROUP_STDLIB_IMPORTS" value="true" />
    <option name="CREATE_LOCAL_GROUP" value="true" />
    <option name="LOCAL_PACKAGE_PREFIXES" value="github.com/vmware-tanzu" />
  </GoCodeStyleSettings>
  <codeStyleSettings language="go">
    <indentOptions>
      <option name="SMART_TABS" value="true" />
    </indentOptions>
  </codeStyleSettings>
</code_scheme>